{"cameraMode":{"drawMode":0,"name":"Shaded","section":"Shading Mode"},"sceneLighting":true,"audioPlay":false,"sceneViewState":{"showFog":true,"showMaterialUpdate":false,"showSkybox":true,"showFlares":true,"showImageEffects":true,"showParticleSystems":true},"in2DMode":false,"pivot":{"x":1.1250200271606446,"y":3.7038755416870119,"z":-2.0717155933380129},"rotation":{"x":0.35529667139053347,"y":-0.09928150475025177,"z":0.03798292949795723,"w":0.9286906123161316},"size":10.01057243347168,"orthographic":false}